{
  "cost_model_version": "declared_static_v1",
  "rows": [
    {
      "cost_multiplier": 1.0,
      "max_drawdown_r": 177.96802752003612,
      "median_net_r": -1.095186712036659,
      "net_expectancy_r": -0.11822776236356511,
      "trade_count": 917
    },
    {
      "cost_multiplier": 1.25,
      "max_drawdown_r": 202.1112573338898,
      "median_net_r": -1.118983390045841,
      "net_expectancy_r": -0.15403148096914804,
      "trade_count": 917
    },
    {
      "cost_multiplier": 1.5,
      "max_drawdown_r": 226.25448714774348,
      "median_net_r": -1.142780068055023,
      "net_expectancy_r": -0.18983519957473102,
      "trade_count": 917
    },
    {
      "cost_multiplier": 2.0,
      "max_drawdown_r": 276.2650623161171,
      "median_net_r": -1.1903734240733872,
      "net_expectancy_r": -0.261442636785897,
      "trade_count": 917
    }
  ]
}
