{
  "cost_model_version": "declared_static_v1",
  "rows": [
    {
      "cost_multiplier": 1.0,
      "max_drawdown_r": 77.02304208755784,
      "median_net_r": -1.0468427772524285,
      "net_expectancy_r": -0.06455713510287675,
      "trade_count": 917
    },
    {
      "cost_multiplier": 1.25,
      "max_drawdown_r": 89.5674112930239,
      "median_net_r": -1.058553471565542,
      "net_expectancy_r": -0.0807632546102115,
      "trade_count": 917
    },
    {
      "cost_multiplier": 1.5,
      "max_drawdown_r": 103.12992424434192,
      "median_net_r": -1.0702641658786554,
      "net_expectancy_r": -0.09696937411754623,
      "trade_count": 917
    },
    {
      "cost_multiplier": 2.0,
      "max_drawdown_r": 130.2549501469778,
      "median_net_r": -1.0936855545048823,
      "net_expectancy_r": -0.12938161313221574,
      "trade_count": 917
    }
  ]
}
